period;power;traded power;price;market price;simulation_id;agent_id
1;20.4;20.4;55.0;53.13;1;1
2;3.8;3.8;54.0;50.13;1;1
3;59.2;59.2;49.7;49.26;1;1
4;21.1;21.1;45.0;44.16;1;1
5;87.9;87.9;44.66;44.16;1;1
6;64.3;64.3;49.65;49.26;1;1
7;1.0;1.0;54.0;52.0;1;1
8;5.3;5.3;56.0;54.13;1;1
9;100.0;100.0;59.0;58.31;1;1
10;1.7;1.7;60.0;59.28;1;1
11;28.7;28.7;65.0;65.0;1;1
12;1.2;1.2;65.0;62.2;1;1
13;1.3;1.3;66.0;65.1;1;1
14;0.1;0.1;65.0;65.0;1;1
15;1.7;1.7;60.0;59.1;1;1
16;1.2;1.2;65.0;60.09;1;1
17;3.2;3.2;60.0;58.5;1;1
18;3.3;3.3;60.0;58.2;1;1
19;3.2;3.2;60.0;55.03;1;1
20;1.3;1.3;60.0;55.03;1;1
21;1.2;1.2;60.0;56.07;1;1
22;25.6;25.6;65.0;60.09;1;1
23;25.0;25.0;65.0;63.51;1;1
24;1.1;1.1;60.0;58.64;1;1
1;4.0;4.0;56.0;53.13;1;2
2;18.7;18.7;55.0;50.13;1;2
3;3.7;3.7;51.0;49.26;1;2
4;110.0;110.0;45.04;44.16;1;2
5;90.0;90.0;45.0;44.16;1;2
6;100.0;100.0;49.66;49.26;1;2
7;19.2;19.2;55.0;52.0;1;2
8;22.5;22.5;65.0;54.13;1;2
9;1.7;1.7;60.0;58.31;1;2
10;37.7;37.7;65.0;59.28;1;2
11;1.2;1.2;66.0;65.0;1;2
12;0.1;0.1;65.0;62.2;1;2
13;79.6;79.6;69.0;65.1;1;2
14;1.3;1.3;67.0;65.0;1;2
15;0.1;0.1;65.0;59.1;1;2
16;0.1;0.1;65.0;60.09;1;2
17;1.6;1.6;60.0;58.5;1;2
18;1.5;1.5;60.0;58.2;1;2
19;1.4;1.4;60.0;55.03;1;2
20;64.7;64.7;69.0;55.03;1;2
21;30.1;30.1;65.0;56.07;1;2
22;58.5;58.5;69.0;60.09;1;2
23;55.0;55.0;67.0;63.51;1;2
24;1.3;1.3;63.0;58.64;1;2
1;1.3;1.3;65.0;53.13;1;3
2;1.2;1.2;58.0;50.13;1;3
3;1.1;1.1;52.0;49.26;1;3
4;52.0;52.0;45.13;44.16;1;3
5;52.0;52.0;45.13;44.16;1;3
6;105.0;105.0;49.67;49.26;1;3
7;80.6;80.6;60.0;52.0;1;3
8;2.7;2.7;65.0;54.13;1;3
9;25.6;25.6;65.0;58.31;1;3
10;72.7;72.7;66.0;59.28;1;3
11;78.0;78.0;69.0;65.0;1;3
12;79.4;79.4;69.0;62.2;1;3
13;3.9;3.9;70.0;65.1;1;3
14;76.7;76.7;69.0;65.0;1;3
15;1.3;1.3;67.0;59.1;1;3
16;68.6;68.6;69.0;60.09;1;3
17;1.2;1.2;65.0;58.5;1;3
18;67.0;67.0;69.0;58.2;1;3
19;65.9;65.9;69.0;55.03;1;3
20;3.2;3.2;70.0;55.03;1;3
21;62.5;62.5;69.0;56.07;1;3
22;485.0;485.0;70.49;60.09;1;3
23;1.3;1.3;69.0;63.51;1;3
24;23.1;23.1;65.0;58.64;1;3
1;0.1;0.1;65.0;53.13;1;4
2;1.7;1.7;60.0;50.13;1;4
3;17.2;17.2;55.0;49.26;1;4
4;3.5;3.5;46.0;44.16;1;4
5;1.0;1.0;47.0;44.16;1;4
6;105.0;17.9;49.68;49.26;1;4
7;1.8;1.8;60.0;52.0;1;4
8;69.0;69.0;67.0;54.13;1;4
9;68.0;68.0;67.0;58.31;1;4
10;1.1;1.1;68.0;59.28;1;4
11;3.8;3.8;70.0;65.0;1;4
12;3.8;3.8;70.0;62.2;1;4
13;485.0;485.0;70.49;65.1;1;4
14;3.9;3.9;70.0;65.0;1;4
15;69.5;69.5;69.0;59.1;1;4
16;485.0;485.0;70.49;60.09;1;4
17;68.0;68.0;69.0;58.5;1;4
18;1.2;1.2;69.0;58.2;1;4
19;485.0;485.0;70.49;55.03;1;4
20;485.0;485.0;70.49;55.03;1;4
21;485.0;485.0;70.49;56.07;1;4
22;1.3;1.3;73.0;60.09;1;4
23;3.1;3.1;70.0;63.51;1;4
24;2.0;2.0;65.0;58.64;1;4
1;69.4;69.4;66.0;53.13;1;5
2;0.1;0.1;62.0;50.13;1;5
3;0.1;0.1;55.0;49.26;1;5
4;1.0;1.0;48.0;44.16;1;5
5;3.5;3.5;48.0;44.16;1;5
6;73.0;0.0;49.69;49.26;1;5
7;0.1;0.1;65.0;52.0;1;5
8;1.0;1.0;67.0;54.13;1;5
9;1.0;1.0;67.0;58.31;1;5
10;3.1;3.1;70.0;59.28;1;5
11;0.1;0.1;70.0;65.0;1;5
12;485.0;485.0;70.49;62.2;1;5
13;4.1;4.1;75.0;65.1;1;5
14;485.0;485.0;70.49;65.0;1;5
15;3.3;3.3;70.0;59.1;1;5
16;3.2;3.2;75.0;60.09;1;5
17;485.0;485.0;70.49;58.5;1;5
18;485.0;485.0;70.49;58.2;1;5
19;1.2;1.2;72.0;55.03;1;5
20;1.2;1.2;74.0;55.03;1;5
21;1.3;1.3;72.0;56.07;1;5
22;3.1;3.1;75.0;60.09;1;5
23;485.0;485.0;70.49;63.51;1;5
24;53.9;53.9;68.0;58.64;1;5
1;274.8;274.8;70.0;53.13;1;6
2;65.6;65.6;65.0;50.13;1;6
3;63.4;63.4;60.0;49.26;1;6
4;75.0;75.0;49.64;44.16;1;6
5;75.0;75.0;49.64;44.16;1;6
6;73.0;0.0;49.7;49.26;1;6
7;64.9;64.9;67.0;52.0;1;6
8;0.1;0.1;70.0;54.13;1;6
9;3.0;3.0;70.0;58.31;1;6
10;0.1;0.1;70.0;59.28;1;6
11;485.0;485.0;70.49;65.0;1;6
12;4.2;4.2;75.0;62.2;1;6
13;3.9;3.9;75.0;65.1;1;6
14;3.6;3.6;75.0;65.0;1;6
15;485.0;485.0;70.49;59.1;1;6
16;2.9;2.9;75.0;60.09;1;6
17;3.2;3.2;75.0;58.5;1;6
18;3.3;3.3;75.0;58.2;1;6
19;3.2;3.2;75.0;55.03;1;6
20;3.1;3.1;75.0;55.03;1;6
21;3.1;3.1;75.0;56.07;1;6
22;2.8;2.8;75.0;60.09;1;6
23;2.6;2.6;75.0;63.51;1;6
24;0.1;0.1;70.0;58.64;1;6
1;1.8;1.8;70.0;53.13;1;7
2;57.9;57.9;67.0;50.13;1;7
3;1.7;1.7;60.0;49.26;1;7
4;100.0;100.0;49.65;44.16;1;7
5;100.0;100.0;49.65;44.16;1;7
6;1.0;0.0;50.0;49.26;1;7
7;280.7;280.7;70.0;52.0;1;7
8;485.0;485.0;70.49;54.13;1;7
9;0.1;0.1;70.0;58.31;1;7
10;485.0;485.0;70.49;59.28;1;7
11;4.2;4.2;75.0;65.0;1;7
12;4.1;4.1;75.0;62.2;1;7
13;415.0;415.0;80.0;65.1;1;7
14;3.5;3.5;75.0;65.0;1;7
15;3.3;3.3;75.0;59.1;1;7
16;331.1;331.1;80.0;60.09;1;7
17;3.0;3.0;75.0;58.5;1;7
18;2.6;2.6;75.0;58.2;1;7
19;2.1;2.1;75.0;55.03;1;7
20;1.4;1.4;75.0;55.03;1;7
21;3.0;3.0;75.0;56.07;1;7
22;1.0;1.0;75.0;60.09;1;7
23;0.8;0.8;75.0;63.51;1;7
24;485.0;485.0;70.49;58.64;1;7
1;485.0;485.0;70.49;53.13;1;8
2;259.6;259.6;70.0;50.13;1;8
3;57.3;57.3;67.0;49.26;1;8
4;100.0;100.0;49.66;44.16;1;8
5;100.0;100.0;49.66;44.16;1;8
6;16.9;0.0;55.0;49.26;1;8
7;485.0;485.0;70.49;52.0;1;8
8;96.6;96.6;75.0;54.13;1;8
9;485.0;485.0;70.49;58.31;1;8
10;4.4;4.4;75.0;59.28;1;8
11;4.1;4.1;75.0;65.0;1;8
12;413.4;413.4;80.0;62.2;1;8
13;187.9;127.9;80.0;65.1;1;8
14;386.4;386.4;80.0;65.0;1;8
15;2.6;2.6;75.0;59.1;1;8
16;130.7;24.3;80.0;60.09;1;8
17;343.7;343.7;80.0;58.5;1;8
18;352.2;352.2;80.0;58.2;1;8
19;134.3;134.3;80.0;55.03;1;8
20;0.1;0.1;75.0;55.03;1;8
21;1.2;1.2;75.0;56.07;1;8
22;0.1;0.1;75.0;60.09;1;8
23;0.1;0.1;75.0;63.51;1;8
24;2.4;2.4;75.0;58.64;1;8
1;69.4;69.4;75.0;53.13;1;9
2;485.0;485.0;70.49;50.13;1;9
3;251.0;83.5;70.0;49.26;1;9
4;105.0;105.0;49.67;44.16;1;9
5;105.0;105.0;49.67;44.16;1;9
6;1.6;0.0;55.0;49.26;1;9
7;3.3;3.3;75.0;52.0;1;9
8;3.5;3.5;75.0;54.13;1;9
9;3.7;3.7;75.0;58.31;1;9
10;3.6;3.6;75.0;59.28;1;9
11;427.8;427.8;80.0;65.0;1;9
12;187.8;34.1;80.0;62.2;1;9
13;5.3;0.0;80.0;65.1;1;9
14;171.4;103.7;80.0;65.0;1;9
15;312.8;312.8;80.0;59.1;1;9
16;3.5;0.0;80.0;60.09;1;9
17;133.4;133.4;80.0;58.5;1;9
18;138.0;138.0;80.0;58.2;1;9
19;3.8;3.8;80.0;55.03;1;9
20;3.7;3.7;80.0;55.03;1;9
21;3.6;3.6;80.0;56.07;1;9
22;3.1;3.1;80.0;60.09;1;9
23;258.1;258.1;80.0;63.51;1;9
24;0.6;0.6;75.0;58.64;1;9
1;3.1;3.1;75.0;53.13;1;10
2;0.3;0.3;74.7;50.13;1;10
3;485.0;0.0;70.49;49.26;1;10
4;105.0;105.0;49.68;44.16;1;10
5;105.0;105.0;49.68;44.16;1;10
6;0.1;0.0;55.0;49.26;1;10
7;1.1;1.1;75.0;52.0;1;10
8;2.7;2.7;75.0;54.13;1;10
9;3.5;3.5;75.0;58.31;1;10
10;373.6;373.6;80.0;59.28;1;10
11;190.0;48.0;80.0;65.0;1;10
12;5.2;0.0;80.0;62.2;1;10
13;1.2;0.0;80.0;65.1;1;10
14;4.9;0.0;80.0;65.0;1;10
15;129.1;129.1;80.0;59.1;1;10
16;0.8;0.0;80.0;60.09;1;10
17;3.6;3.6;80.0;58.5;1;10
18;3.8;3.8;80.0;58.2;1;10
19;100.0;100.0;85.0;55.03;1;10
20;0.4;0.4;85.7;55.03;1;10
21;0.3;0.3;86.7;56.07;1;10
22;0.3;0.3;85.4;60.09;1;10
23;2.8;2.8;80.0;63.51;1;10
24;243.6;243.6;80.0;58.64;1;10
1;0.4;0.4;75.0;53.13;1;11
2;3.0;3.0;75.0;50.13;1;11
3;0.3;0.0;72.5;49.26;1;11
4;73.0;73.0;49.69;44.16;1;11
5;73.0;37.1;49.69;44.16;1;11
6;65.6;0.0;60.0;49.26;1;11
7;16.1;16.1;80.0;52.0;1;11
8;317.4;317.4;80.0;54.13;1;11
9;367.4;367.4;80.0;58.31;1;11
10;156.4;156.4;80.0;59.28;1;11
11;19.1;0.0;80.0;65.0;1;11
12;1.2;0.0;80.0;62.2;1;11
13;100.0;0.0;85.0;65.1;1;11
14;1.1;0.0;80.0;65.0;1;11
15;3.6;3.6;80.0;59.1;1;11
16;100.0;0.0;85.0;60.09;1;11
17;0.9;0.9;80.0;58.5;1;11
18;0.9;0.9;80.0;58.2;1;11
19;0.4;0.4;86.0;55.03;1;11
20;0.1;0.1;86.0;55.03;1;11
21;422.2;422.2;90.0;56.07;1;11
22;370.8;370.8;90.0;60.09;1;11
23;0.3;0.3;82.4;63.51;1;11
24;81.9;81.9;80.0;58.64;1;11
1;0.3;0.3;76.1;53.13;1;12
2;0.4;0.4;75.0;50.13;1;12
3;3.0;0.0;75.0;49.26;1;12
4;73.0;10.9;49.7;44.16;1;12
5;73.0;0.0;49.7;44.16;1;12
6;59.5;0.0;67.0;49.26;1;12
7;2.3;2.3;80.0;52.0;1;12
8;16.2;16.2;80.0;54.13;1;12
9;128.8;115.6;80.0;58.31;1;12
10;18.5;18.5;80.0;59.28;1;12
11;5.0;0.0;80.0;65.0;1;12
12;100.0;0.0;85.0;62.2;1;12
13;0.5;0.0;85.0;65.1;1;12
14;100.0;0.0;85.0;65.0;1;12
15;0.8;0.8;80.0;59.1;1;12
16;0.6;0.0;85.0;60.09;1;12
17;100.0;50.4;85.0;58.5;1;12
18;100.0;100.0;85.0;58.2;1;12
19;0.4;0.4;86.4;55.03;1;12
20;433.7;433.7;90.0;55.03;1;12
21;327.2;327.2;90.0;56.07;1;12
22;289.3;74.1;90.0;60.09;1;12
23;310.4;160.7;90.0;63.51;1;12
24;18.5;18.5;80.0;58.64;1;12
1;18.5;18.5;80.0;53.13;1;13
2;17.1;17.1;80.0;50.13;1;13
3;0.4;0.0;75.0;49.26;1;13
4;3.6;0.0;51.0;44.16;1;13
5;16.1;0.0;55.0;44.16;1;13
6;246.8;0.0;70.0;49.26;1;13
7;0.5;0.5;80.0;52.0;1;13
8;2.6;2.6;80.0;54.13;1;13
9;16.5;0.0;80.0;58.31;1;13
10;4.0;4.0;80.0;59.28;1;13
11;1.2;0.0;80.0;65.0;1;13
12;0.6;0.0;85.0;62.2;1;13
13;0.9;0.0;86.0;65.1;1;13
14;0.5;0.0;86.0;65.0;1;13
15;100.0;100.0;85.0;59.1;1;13
16;1.0;0.0;86.0;60.09;1;13
17;0.4;0.0;85.0;58.5;1;13
18;0.9;0.9;86.0;58.2;1;13
19;427.3;427.3;90.0;55.03;1;13
20;336.8;336.8;90.0;55.03;1;13
21;17.3;17.3;90.0;56.07;1;13
22;13.8;0.0;90.0;60.09;1;13
23;10.9;0.0;90.0;63.51;1;13
24;2.8;2.8;80.0;58.64;1;13
1;2.4;2.4;80.0;53.13;1;14
2;2.2;2.2;80.0;50.13;1;14
3;18.6;0.0;80.0;49.26;1;14
4;16.4;0.0;55.0;44.16;1;14
5;1.6;0.0;55.0;44.16;1;14
6;485.0;0.0;70.49;49.26;1;14
7;0.3;0.3;85.9;52.0;1;14
8;0.6;0.6;80.0;54.13;1;14
9;3.2;0.0;80.0;58.31;1;14
10;1.0;1.0;80.0;59.28;1;14
11;100.0;0.0;85.0;65.0;1;14
12;1.0;0.0;86.0;62.2;1;14
13;600.0;0.0;90.0;65.1;1;14
14;0.3;0.0;89.8;65.0;1;14
15;0.6;0.6;85.0;59.1;1;14
16;0.4;0.0;88.2;60.09;1;14
17;1.0;0.0;86.0;58.5;1;14
18;0.4;0.4;87.4;58.2;1;14
19;346.1;346.1;90.0;55.03;1;14
20;18.6;18.6;90.0;55.03;1;14
21;1.0;1.0;93.54;56.07;1;14
22;1.0;0.0;94.72;60.09;1;14
23;0.7;0.0;90.0;63.51;1;14
24;0.3;0.3;86.3;58.64;1;14
1;0.5;0.5;80.0;53.13;1;15
2;0.4;0.4;80.0;50.13;1;15
3;2.1;0.0;80.0;49.26;1;15
4;1.6;0.0;55.0;44.16;1;15
5;0.1;0.0;55.0;44.16;1;15
6;3.0;0.0;75.0;49.26;1;15
7;336.6;336.6;90.0;52.0;1;15
8;0.3;0.3;84.9;54.13;1;15
9;0.8;0.0;80.0;58.31;1;15
10;100.0;100.0;85.0;59.28;1;15
11;0.6;0.0;85.0;65.0;1;15
12;600.0;0.0;90.0;62.2;1;15
13;353.3;0.0;90.0;65.1;1;15
14;600.0;0.0;90.0;65.0;1;15
15;1.0;1.0;86.0;59.1;1;15
16;600.0;0.0;90.0;60.09;1;15
17;0.4;0.0;87.9;58.5;1;15
18;550.0;550.0;90.0;58.2;1;15
19;20.0;20.0;90.0;55.03;1;15
20;119.7;119.7;93.54;55.03;1;15
21;123.7;123.7;95.0;56.07;1;15
22;103.5;0.0;95.0;60.09;1;15
23;88.6;0.0;95.0;63.51;1;15
24;249.9;196.5;90.0;58.64;1;15
1;600.0;600.0;90.0;53.13;1;16
2;550.0;186.3;90.0;50.13;1;16
3;0.4;0.0;80.0;49.26;1;16
4;0.1;0.0;55.0;44.16;1;16
5;61.5;0.0;60.0;44.16;1;16
6;0.5;0.0;75.0;49.26;1;16
7;250.0;250.0;90.0;52.0;1;16
8;0.1;0.1;85.0;54.13;1;16
9;150.0;0.0;85.0;58.31;1;16
10;0.6;0.6;85.0;59.28;1;16
11;1.0;0.0;86.0;65.0;1;16
12;357.5;0.0;90.0;62.2;1;16
13;28.8;0.0;90.0;65.1;1;16
14;355.3;0.0;90.0;65.0;1;16
15;0.3;0.3;88.5;59.1;1;16
16;385.8;0.0;90.0;60.09;1;16
17;413.6;0.0;90.0;58.5;1;16
18;414.2;260.4;90.0;58.2;1;16
19;37.5;37.5;93.54;55.03;1;16
20;10.4;10.4;93.54;55.03;1;16
21;0.3;0.3;95.0;56.07;1;16
22;0.3;0.0;95.0;60.09;1;16
23;0.3;0.0;95.0;63.51;1;16
24;9.2;0.0;90.0;58.64;1;16
1;193.2;148.9;90.0;53.13;1;17
2;190.6;0.0;90.0;50.13;1;17
3;609.6;0.0;90.0;49.26;1;17
4;61.7;0.0;60.0;44.16;1;17
5;57.3;0.0;67.0;44.16;1;17
6;0.3;0.0;77.6;49.26;1;17
7;16.1;16.1;90.0;52.0;1;17
8;0.3;0.3;86.0;54.13;1;17
9;0.7;0.0;85.0;58.31;1;17
10;0.9;0.9;86.0;59.28;1;17
11;600.0;0.0;90.0;65.0;1;17
12;29.0;0.0;90.0;62.2;1;17
13;0.7;0.0;90.0;65.1;1;17
14;26.3;0.0;90.0;65.0;1;17
15;600.0;109.1;90.0;59.1;1;17
16;19.5;0.0;90.0;60.09;1;17
17;20.1;0.0;90.0;58.5;1;17
18;20.6;0.0;90.0;58.2;1;17
19;112.4;112.4;94.78;55.03;1;17
20;129.3;129.3;95.0;55.03;1;17
21;120.7;120.7;98.7;56.07;1;17
22;51.9;0.0;99.0;60.09;1;17
23;175.9;0.0;96.0;63.51;1;17
24;0.6;0.0;90.0;58.64;1;17
1;12.9;0.0;90.0;53.13;1;18
2;12.4;0.0;90.0;50.13;1;18
3;450.0;0.0;90.0;49.26;1;18
4;56.1;0.0;67.0;44.16;1;18
5;240.6;0.0;70.0;44.16;1;18
6;16.5;0.0;80.0;49.26;1;18
7;456.2;345.7;94.15;52.0;1;18
8;397.2;397.2;90.0;54.13;1;18
9;0.9;0.0;86.0;58.31;1;18
10;400.0;123.5;90.0;59.28;1;18
11;363.8;0.0;90.0;65.0;1;18
12;0.7;0.0;90.0;62.2;1;18
13;0.3;0.0;92.6;65.1;1;18
14;0.6;0.0;90.0;65.0;1;18
15;362.2;0.0;90.0;59.1;1;18
16;0.7;0.0;90.0;60.09;1;18
17;0.7;0.0;90.0;58.5;1;18
18;0.5;0.0;90.0;58.2;1;18
19;0.4;0.4;95.0;55.03;1;18
20;0.4;0.4;95.0;55.03;1;18
21;51.9;51.9;99.0;56.07;1;18
22;33.3;0.0;99.0;60.09;1;18
23;167.7;0.0;96.0;63.51;1;18
24;81.2;0.0;94.15;58.64;1;18
1;0.3;0.0;95.0;53.13;1;19
2;0.1;0.0;90.0;50.13;1;19
3;186.0;0.0;90.0;49.26;1;19
4;243.5;0.0;70.0;44.16;1;19
5;485.0;0.0;70.49;44.16;1;19
6;1.9;0.0;80.0;49.26;1;19
7;135.6;0.0;94.15;52.0;1;19
8;250.0;250.0;90.0;54.13;1;19
9;0.3;0.0;88.2;58.31;1;19
10;389.7;0.0;90.0;59.28;1;19
11;36.5;0.0;90.0;65.0;1;19
12;0.4;0.0;93.5;62.2;1;19
13;0.3;0.0;95.0;65.1;1;19
14;0.3;0.0;95.0;65.0;1;19
15;20.0;0.0;90.0;59.1;1;19
16;45.6;0.0;95.0;60.09;1;19
17;57.2;0.0;94.59;58.5;1;19
18;63.6;0.0;93.67;58.2;1;19
19;51.9;51.9;99.0;55.03;1;19
20;51.9;51.9;99.0;55.03;1;19
21;33.3;33.3;99.0;56.07;1;19
22;128.1;0.0;99.59;60.09;1;19
23;51.9;0.0;99.0;63.51;1;19
24;0.3;0.0;95.0;58.64;1;19
1;435.4;0.0;96.5;53.13;1;20
2;0.3;0.0;95.0;50.13;1;20
3;14.0;0.0;90.0;49.26;1;20
4;485.0;0.0;70.49;44.16;1;20
5;0.3;0.0;74.8;44.16;1;20
6;0.4;0.0;80.0;49.26;1;20
7;0.2;0.0;95.0;52.0;1;20
8;19.2;19.2;90.0;54.13;1;20
9;422.9;0.0;90.0;58.31;1;20
10;32.1;0.0;90.0;59.28;1;20
11;0.7;0.0;90.0;65.0;1;20
12;0.3;0.0;95.0;62.2;1;20
13;51.9;0.0;99.0;65.1;1;20
14;197.8;0.0;98.64;65.0;1;20
15;0.7;0.0;90.0;59.1;1;20
16;0.4;0.0;95.0;60.09;1;20
17;0.3;0.0;95.0;58.5;1;20
18;0.4;0.0;95.0;58.2;1;20
19;33.3;33.3;99.0;55.03;1;20
20;33.3;33.3;99.0;55.03;1;20
21;9.6;9.6;100.0;56.07;1;20
22;10.1;0.0;100.0;60.09;1;20
23;33.3;0.0;99.0;63.51;1;20
24;51.9;0.0;99.0;58.64;1;20
1;197.0;0.0;96.5;53.13;1;21
2;483.2;0.0;96.5;50.13;1;21
3;0.3;0.0;95.0;49.26;1;21
4;0.3;0.0;72.0;44.16;1;21
5;2.9;0.0;75.0;44.16;1;21
6;587.9;0.0;90.0;49.26;1;21
7;51.7;0.0;99.0;52.0;1;21
8;0.1;0.1;90.0;54.13;1;21
9;250.0;0.0;90.0;58.31;1;21
10;0.7;0.0;90.0;59.28;1;21
11;0.3;0.0;92.7;65.0;1;21
12;51.9;0.0;99.0;62.2;1;21
13;33.3;0.0;99.0;65.1;1;21
14;1.0;0.0;98.64;65.0;1;21
15;0.3;0.0;95.0;59.1;1;21
16;51.9;0.0;99.0;60.09;1;21
17;51.9;0.0;99.0;58.5;1;21
18;26.0;0.0;96.69;58.2;1;21
19;9.6;9.6;100.0;55.03;1;21
20;9.6;9.6;100.0;55.03;1;21
21;3.2;3.2;100.0;56.07;1;21
22;3.5;0.0;100.0;60.09;1;21
23;10.5;0.0;100.0;63.51;1;21
24;33.3;0.0;99.0;58.64;1;21
1;0.1;0.0;98.0;53.13;1;22
2;198.7;0.0;96.5;50.13;1;22
3;600.4;0.0;95.13;49.26;1;22
4;2.9;0.0;75.0;44.16;1;22
5;0.5;0.0;75.0;44.16;1;22
6;251.4;0.0;90.0;49.26;1;22
7;33.2;0.0;99.0;52.0;1;22
8;0.2;0.2;95.0;54.13;1;22
9;28.3;0.0;90.0;58.31;1;22
10;0.3;0.0;91.3;59.28;1;22
11;0.4;0.0;95.0;65.0;1;22
12;33.3;0.0;99.0;62.2;1;22
13;10.7;0.0;100.0;65.1;1;22
14;51.9;0.0;99.0;65.0;1;22
15;49.1;0.0;95.03;59.1;1;22
16;33.3;0.0;99.0;60.09;1;22
17;33.3;0.0;99.0;58.5;1;22
18;51.9;0.0;99.0;58.2;1;22
19;3.1;3.1;100.0;55.03;1;22
20;3.1;3.1;100.0;55.03;1;22
21;0.9;0.9;100.0;56.07;1;22
22;0.8;0.0;100.0;60.09;1;22
23;3.8;0.0;100.0;63.51;1;22
24;10.5;0.0;100.0;58.64;1;22
1;51.7;0.0;99.0;53.13;1;23
2;51.7;0.0;99.0;50.13;1;23
3;197.1;0.0;95.13;49.26;1;23
4;0.5;0.0;75.0;44.16;1;23
5;18.8;0.0;80.0;44.16;1;23
6;250.0;0.0;90.0;49.26;1;23
7;5.1;0.0;100.0;52.0;1;23
8;341.4;341.4;96.5;54.13;1;23
9;0.7;0.0;90.0;58.31;1;23
10;0.4;0.0;95.0;59.28;1;23
11;51.9;0.0;99.0;65.0;1;23
12;10.3;0.0;100.0;62.2;1;23
13;3.2;0.0;100.0;65.1;1;23
14;33.3;0.0;99.0;65.0;1;23
15;161.3;0.0;97.58;59.1;1;23
16;9.6;0.0;100.0;60.09;1;23
17;9.6;0.0;100.0;58.5;1;23
18;33.3;0.0;99.0;58.2;1;23
19;0.9;0.9;100.0;55.03;1;23
20;0.9;0.9;100.0;55.03;1;23
21;0.5;0.5;100.0;56.07;1;23
22;0.5;0.0;100.0;60.09;1;23
23;0.5;0.0;100.0;63.51;1;23
24;4.0;0.0;100.0;58.64;1;23
1;33.2;0.0;99.0;53.13;1;24
2;33.2;0.0;99.0;50.13;1;24
3;51.7;0.0;99.0;49.26;1;24
4;18.9;0.0;80.0;44.16;1;24
5;1.9;0.0;80.0;44.16;1;24
6;14.5;0.0;90.0;49.26;1;24
7;1.8;0.0;100.0;52.0;1;24
8;146.3;146.3;96.5;54.13;1;24
9;0.4;0.0;95.0;58.31;1;24
10;198.1;0.0;97.88;59.28;1;24
11;33.3;0.0;99.0;65.0;1;24
12;3.1;0.0;100.0;62.2;1;24
13;0.6;0.0;100.0;65.1;1;24
14;10.8;0.0;100.0;65.0;1;24
15;51.9;0.0;99.0;59.1;1;24
16;3.2;0.0;100.0;60.09;1;24
17;3.2;0.0;100.0;58.5;1;24
18;9.6;0.0;100.0;58.2;1;24
19;0.5;0.5;100.0;55.03;1;24
20;0.5;0.5;100.0;55.03;1;24
21;0.5;0.5;100.0;56.07;1;24
22;0.5;0.0;100.0;60.09;1;24
23;0.5;0.0;100.0;63.51;1;24
24;0.5;0.0;100.0;58.64;1;24
1;4.1;4.1;53.13;53.13;1;25
2;78.2;78.2;50.13;50.13;1;25
3;30.0;30.0;49.26;49.26;1;25
4;78.0;78.0;44.16;44.16;1;25
5;78.0;78.0;44.16;44.16;1;25
6;30.0;30.0;49.26;49.26;1;25
7;30.0;30.0;52.0;52.0;1;25
8;39.8;0.0;54.56;54.13;1;25
9;37.3;37.3;58.31;58.31;1;25
10;59.9;59.9;59.28;59.28;1;25
11;100.0;100.0;65.0;65.0;1;25
12;33.5;33.5;62.2;62.2;1;25
13;42.8;42.8;65.1;65.1;1;25
14;84.8;84.8;65.0;65.0;1;25
15;9.1;9.1;59.1;59.1;1;25
16;132.5;132.5;60.09;60.09;1;25
17;12.2;12.2;58.5;58.5;1;25
18;26.2;26.2;58.2;58.2;1;25
19;177.4;136.7;55.03;55.03;1;25
20;18.5;0.0;56.07;55.03;1;25
21;78.3;0.0;57.88;56.07;1;25
22;225.8;225.8;60.09;60.09;1;25
23;128.0;128.0;63.51;63.51;1;25
24;17.1;17.1;58.64;58.64;1;25
1;82.2;82.2;53.02;53.13;1;26
2;144.0;144.0;50.06;50.13;1;26
3;20.0;20.0;48.9;49.26;1;26
4;17.0;17.0;43.79;44.16;1;26
5;17.0;17.0;43.79;44.16;1;26
6;20.0;20.0;48.9;49.26;1;26
7;80.0;80.0;51.93;52.0;1;26
8;10.0;0.0;54.22;54.13;1;26
9;50.0;50.0;58.2;58.31;1;26
10;50.0;50.0;59.1;59.28;1;26
11;9.8;9.8;65.0;65.0;1;26
12;40.0;40.0;62.13;62.2;1;26
13;100.0;100.0;65.0;65.1;1;26
14;8.3;8.3;65.0;65.0;1;26
15;20.0;20.0;59.0;59.1;1;26
16;0.1;0.1;60.07;60.09;1;26
17;62.7;62.7;58.31;58.5;1;26
18;20.0;20.0;58.0;58.2;1;26
19;230.0;230.0;55.0;55.03;1;26
20;45.0;0.0;55.13;55.03;1;26
21;50.0;0.0;57.58;56.07;1;26
22;0.1;0.1;60.07;60.09;1;26
23;35.0;35.0;63.21;63.51;1;26
24;20.0;20.0;58.5;58.64;1;26
1;247.0;247.0;53.0;53.13;1;27
2;20.0;20.0;49.9;50.13;1;27
3;20.0;20.0;48.57;49.26;1;27
4;0.1;0.1;43.57;44.16;1;27
5;0.1;0.1;43.57;44.16;1;27
6;20.0;20.0;48.57;49.26;1;27
7;80.0;80.0;51.89;52.0;1;27
8;150.0;150.0;54.13;54.13;1;27
9;20.0;20.0;58.0;58.31;1;27
10;20.0;20.0;59.0;59.28;1;27
11;187.0;187.0;63.51;65.0;1;27
12;10.0;10.0;62.12;62.2;1;27
13;9.8;9.8;65.0;65.1;1;27
14;187.0;187.0;63.51;65.0;1;27
15;160.0;160.0;58.64;59.1;1;27
16;20.0;20.0;60.0;60.09;1;27
17;50.0;50.0;58.2;58.5;1;27
18;150.4;150.4;57.88;58.2;1;27
19;3.0;3.0;55.0;55.03;1;27
20;177.9;25.2;55.03;55.03;1;27
21;21.0;0.0;57.32;56.07;1;27
22;20.0;20.0;60.0;60.09;1;27
23;20.0;20.0;63.07;63.51;1;27
24;62.7;62.7;58.31;58.64;1;27
1;40.0;40.0;52.55;53.13;1;28
2;351.0;351.0;49.72;50.13;1;28
3;30.0;30.0;48.22;49.26;1;28
4;17.0;17.0;43.25;44.16;1;28
5;17.0;17.0;43.25;44.16;1;28
6;30.0;30.0;48.22;49.26;1;28
7;40.0;40.0;51.65;52.0;1;28
8;140.0;2.6;54.13;54.13;1;28
9;150.4;150.4;57.88;58.31;1;28
10;160.0;160.0;58.64;59.28;1;28
11;35.0;35.0;63.21;65.0;1;28
12;50.0;50.0;62.1;62.2;1;28
13;187.0;187.0;63.51;65.1;1;28
14;35.0;35.0;63.21;65.0;1;28
15;20.0;20.0;58.5;59.1;1;28
16;10.0;10.0;60.0;60.09;1;28
17;20.0;20.0;58.0;58.5;1;28
18;50.0;50.0;57.58;58.2;1;28
19;3.0;3.0;55.0;55.03;1;28
20;230.0;230.0;55.0;55.03;1;28
21;14.5;0.0;57.32;56.07;1;28
22;10.0;10.0;60.0;60.09;1;28
23;50.0;50.0;62.2;63.51;1;28
24;50.0;50.0;58.2;58.64;1;28
1;10.0;10.0;52.32;53.13;1;29
2;351.0;351.0;49.72;50.13;1;29
3;10.0;10.0;48.0;49.26;1;29
4;10.0;10.0;43.0;44.16;1;29
5;10.0;10.0;43.0;44.16;1;29
6;10.0;10.0;48.0;49.26;1;29
7;71.0;71.0;51.26;52.0;1;29
8;10.4;10.4;54.0;54.13;1;29
9;50.0;50.0;57.58;58.31;1;29
10;20.0;20.0;58.5;59.28;1;29
11;20.0;20.0;63.07;65.0;1;29
12;20.0;20.0;61.59;62.2;1;29
13;35.0;35.0;63.21;65.1;1;29
14;20.0;20.0;63.07;65.0;1;29
15;62.7;62.7;58.31;59.1;1;29
16;10.0;10.0;60.0;60.09;1;29
17;150.4;150.4;57.88;58.5;1;29
18;14.0;14.0;57.32;58.2;1;29
19;3.0;3.0;55.0;55.03;1;29
20;3.0;3.0;55.0;55.03;1;29
21;35.0;0.0;56.32;56.07;1;29
22;10.0;10.0;60.0;60.09;1;29
23;40.0;40.0;62.13;63.51;1;29
24;20.0;20.0;58.0;58.64;1;29
1;0.1;0.1;52.07;53.13;1;30
2;30.0;30.0;49.26;50.13;1;30
3;10.0;10.0;48.0;49.26;1;30
4;10.0;10.0;43.0;44.16;1;30
5;10.0;10.0;43.0;44.16;1;30
6;10.0;10.0;48.0;49.26;1;30
7;77.0;77.0;51.1;52.0;1;30
8;20.0;20.0;53.69;54.13;1;30
9;23.0;23.0;57.32;58.31;1;30
10;62.7;62.7;58.31;59.28;1;30
11;50.0;50.0;62.2;65.0;1;30
12;50.0;50.0;61.23;62.2;1;30
13;20.0;20.0;63.07;65.1;1;30
14;50.0;50.0;62.2;65.0;1;30
15;50.0;50.0;58.2;59.1;1;30
16;3.0;3.0;60.0;60.09;1;30
17;50.0;50.0;57.58;58.5;1;30
18;35.0;35.0;56.32;58.2;1;30
19;3.0;3.0;55.0;55.03;1;30
20;3.0;3.0;55.0;55.03;1;30
21;10.0;0.0;56.27;56.07;1;30
22;3.0;3.0;60.0;60.09;1;30
23;10.0;10.0;62.12;63.51;1;30
24;150.4;150.4;57.88;58.64;1;30
1;310.0;310.0;52.0;53.13;1;31
2;20.0;20.0;48.9;50.13;1;31
3;3.0;3.0;48.0;49.26;1;31
4;3.0;3.0;43.0;44.16;1;31
5;3.0;3.0;43.0;44.16;1;31
6;3.0;3.0;48.0;49.26;1;31
7;325.0;325.0;51.02;52.0;1;31
8;340.0;340.0;53.54;54.13;1;31
9;50.0;50.0;56.5;58.31;1;31
10;50.0;50.0;58.2;59.28;1;31
11;40.0;40.0;62.13;65.0;1;31
12;2.0;2.0;60.5;62.2;1;31
13;50.0;50.0;62.2;65.1;1;31
14;40.0;40.0;62.13;65.0;1;31
15;20.0;20.0;58.0;59.1;1;31
16;3.0;3.0;60.0;60.09;1;31
17;14.0;14.0;57.32;58.5;1;31
18;10.0;10.0;56.27;58.2;1;31
19;3.0;3.0;55.0;55.03;1;31
20;3.0;3.0;55.0;55.03;1;31
21;35.0;31.7;56.07;56.07;1;31
22;3.0;3.0;60.0;60.09;1;31
23;50.0;50.0;62.1;63.51;1;31
24;50.0;50.0;57.58;58.64;1;31
1;80.0;80.0;51.93;53.13;1;32
2;20.0;20.0;48.57;50.13;1;32
3;3.0;3.0;48.0;49.26;1;32
4;17.0;17.0;42.72;44.16;1;32
5;17.0;17.0;42.72;44.16;1;32
6;3.0;3.0;48.0;49.26;1;32
7;3.8;3.8;51.02;52.0;1;32
8;340.0;340.0;53.54;54.13;1;32
9;20.0;20.0;56.34;58.31;1;32
10;20.0;20.0;58.0;59.28;1;32
11;10.0;10.0;62.12;65.0;1;32
12;108.0;108.0;60.24;62.2;1;32
13;40.0;40.0;62.13;65.1;1;32
14;10.0;10.0;62.12;65.0;1;32
15;150.4;150.4;57.88;59.1;1;32
16;3.0;3.0;60.0;60.09;1;32
17;14.0;14.0;57.32;58.5;1;32
18;35.0;35.0;56.07;58.2;1;32
19;71.0;71.0;54.56;55.03;1;32
20;3.0;3.0;55.0;55.03;1;32
21;45.0;45.0;55.13;56.07;1;32
22;3.0;3.0;60.0;60.09;1;32
23;20.0;20.0;61.59;63.51;1;32
24;27.0;27.0;57.32;58.64;1;32
1;80.0;80.0;51.89;53.13;1;33
2;30.0;30.0;48.22;50.13;1;33
3;3.0;3.0;48.0;49.26;1;33
4;17.0;17.0;42.19;44.16;1;33
5;17.0;17.0;42.19;44.16;1;33
6;3.0;3.0;48.0;49.26;1;33
7;10.0;10.0;51.0;52.0;1;33
8;323.0;323.0;53.54;54.13;1;33
9;35.0;35.0;56.32;58.31;1;33
10;150.4;150.4;57.88;59.28;1;33
11;50.0;50.0;62.1;65.0;1;33
12;45.0;45.0;60.13;62.2;1;33
13;10.0;10.0;62.12;65.1;1;33
14;50.0;50.0;62.1;65.0;1;33
15;50.0;50.0;57.58;59.1;1;33
16;3.0;3.0;60.0;60.09;1;33
17;35.0;35.0;56.32;58.5;1;33
18;45.0;45.0;55.13;58.2;1;33
19;35.0;35.0;54.32;55.03;1;33
20;3.0;3.0;55.0;55.03;1;33
21;177.9;177.9;55.03;56.07;1;33
22;3.0;3.0;60.0;60.09;1;33
23;50.0;50.0;61.23;63.51;1;33
24;27.0;27.0;57.32;58.64;1;33
1;10.0;10.0;51.42;53.13;1;34
2;10.0;10.0;48.0;50.13;1;34
3;3.0;3.0;48.0;49.26;1;34
4;78.0;78.0;42.06;44.16;1;34
5;78.0;78.0;42.06;44.16;1;34
6;3.0;3.0;48.0;49.26;1;34
7;10.0;10.0;51.0;52.0;1;34
8;138.0;138.0;53.54;54.13;1;34
9;10.0;10.0;56.27;58.31;1;34
10;50.0;50.0;57.58;59.28;1;34
11;20.0;20.0;61.59;65.0;1;34
12;299.0;299.0;60.09;62.2;1;34
13;50.0;50.0;62.1;65.1;1;34
14;20.0;20.0;61.59;65.0;1;34
15;14.0;14.0;57.32;59.1;1;34
16;3.0;3.0;60.0;60.09;1;34
17;10.0;10.0;56.27;58.5;1;34
18;177.9;177.9;55.03;58.2;1;34
19;10.0;10.0;54.22;55.03;1;34
20;71.0;71.0;54.56;55.03;1;34
21;230.0;230.0;55.0;56.07;1;34
22;3.0;3.0;60.0;60.09;1;34
23;2.0;2.0;60.5;63.51;1;34
24;35.0;35.0;56.32;58.64;1;34
1;71.0;71.0;51.26;53.13;1;35
2;10.0;10.0;48.0;50.13;1;35
3;3.0;3.0;48.0;49.26;1;35
4;5.0;5.0;42.0;44.16;1;35
5;5.0;5.0;42.0;44.16;1;35
6;3.0;3.0;48.0;49.26;1;35
7;3.0;3.0;51.0;52.0;1;35
8;10.0;10.0;53.32;54.13;1;35
9;35.0;35.0;56.07;58.31;1;35
10;23.0;23.0;57.32;59.28;1;35
11;50.0;50.0;61.23;65.0;1;35
12;0.1;0.1;60.07;62.2;1;35
13;20.0;20.0;61.59;65.1;1;35
14;50.0;50.0;61.23;65.0;1;35
15;14.0;14.0;57.32;59.1;1;35
16;20.0;20.0;59.5;60.09;1;35
17;35.0;35.0;56.07;58.5;1;35
18;230.0;230.0;55.0;58.2;1;35
19;40.0;40.0;53.7;55.03;1;35
20;35.0;35.0;54.32;55.03;1;35
21;25.0;25.0;55.0;56.07;1;35
22;20.0;20.0;59.5;60.09;1;35
23;108.0;108.0;60.24;63.51;1;35
24;10.0;10.0;56.27;58.64;1;35
1;77.0;77.0;51.1;53.13;1;36
2;5.0;5.0;48.0;50.13;1;36
3;5.0;5.0;46.9;49.26;1;36
4;3.0;3.0;42.0;44.16;1;36
5;3.0;3.0;42.0;44.16;1;36
6;5.0;5.0;46.9;49.26;1;36
7;25.0;25.0;50.75;52.0;1;36
8;185.0;185.0;53.13;54.13;1;36
9;30.0;30.0;55.67;58.31;1;36
10;35.0;35.0;56.32;59.28;1;36
11;2.0;2.0;60.5;65.0;1;36
12;20.0;20.0;60.0;62.2;1;36
13;50.0;50.0;61.23;65.1;1;36
14;2.0;2.0;60.5;65.0;1;36
15;35.0;35.0;56.32;59.1;1;36
16;62.7;62.7;59.28;60.09;1;36
17;45.0;45.0;55.13;58.5;1;36
18;3.0;3.0;55.0;58.2;1;36
19;20.0;20.0;53.69;55.03;1;36
20;10.0;10.0;54.22;55.03;1;36
21;3.0;3.0;55.0;56.07;1;36
22;62.7;62.7;59.28;60.09;1;36
23;45.0;45.0;60.13;63.51;1;36
24;35.0;35.0;56.07;58.64;1;36
1;325.0;325.0;51.02;53.13;1;37
2;3.0;3.0;48.0;50.13;1;37
3;3.0;3.0;46.0;49.26;1;37
4;3.0;3.0;42.0;44.16;1;37
5;3.0;3.0;42.0;44.16;1;37
6;3.0;3.0;46.0;49.26;1;37
7;10.0;10.0;50.68;52.0;1;37
8;82.2;82.2;53.02;54.13;1;37
9;45.0;45.0;55.13;58.31;1;37
10;10.0;10.0;56.27;59.28;1;37
11;108.0;108.0;60.24;65.0;1;37
12;10.0;10.0;60.0;62.2;1;37
13;2.0;2.0;60.5;65.1;1;37
14;108.0;108.0;60.24;65.0;1;37
15;10.0;10.0;56.27;59.1;1;37
16;50.0;50.0;59.1;60.09;1;37
17;177.9;177.9;55.03;58.5;1;37
18;3.0;3.0;55.0;58.2;1;37
19;340.0;340.0;53.54;55.03;1;37
20;40.0;40.0;53.7;55.03;1;37
21;3.0;3.0;55.0;56.07;1;37
22;50.0;50.0;59.1;60.09;1;37
23;299.0;299.0;60.09;63.51;1;37
24;45.0;45.0;55.13;58.64;1;37
1;3.8;3.8;51.02;53.13;1;38
2;3.0;3.0;48.0;50.13;1;38
3;3.0;3.0;46.0;49.26;1;38
4;3.0;3.0;42.0;44.16;1;38
5;3.0;3.0;42.0;44.16;1;38
6;3.0;3.0;46.0;49.26;1;38
7;77.0;77.0;50.6;52.0;1;38
8;245.0;245.0;53.0;54.13;1;38
9;177.9;177.9;55.03;58.31;1;38
10;35.0;35.0;56.07;59.28;1;38
11;45.0;45.0;60.13;65.0;1;38
12;10.0;10.0;60.0;62.2;1;38
13;108.0;108.0;60.24;65.1;1;38
14;45.0;45.0;60.13;65.0;1;38
15;35.0;35.0;56.07;59.1;1;38
16;20.0;20.0;59.0;60.09;1;38
17;230.0;230.0;55.0;58.5;1;38
18;3.0;3.0;55.0;58.2;1;38
19;340.0;340.0;53.54;55.03;1;38
20;20.0;20.0;53.69;55.03;1;38
21;3.0;3.0;55.0;56.07;1;38
22;20.0;20.0;59.0;60.09;1;38
23;0.1;0.1;60.07;63.51;1;38
24;177.9;177.9;55.03;58.64;1;38
1;40.0;40.0;51.0;53.13;1;39
2;3.0;3.0;48.0;50.13;1;39
3;3.0;3.0;46.0;49.26;1;39
4;3.0;3.0;42.0;44.16;1;39
5;3.0;3.0;42.0;44.16;1;39
6;3.0;3.0;46.0;49.26;1;39
7;0.1;0.1;50.57;52.0;1;39
8;3.0;3.0;53.0;54.13;1;39
9;230.0;230.0;55.0;58.31;1;39
10;55.0;55.0;56.0;59.28;1;39
11;299.0;299.0;60.09;65.0;1;39
12;3.0;3.0;60.0;62.2;1;39
13;45.0;45.0;60.13;65.1;1;39
14;299.0;299.0;60.09;65.0;1;39
15;45.0;45.0;55.13;59.1;1;39
16;160.0;160.0;58.64;60.09;1;39
17;3.0;3.0;55.0;58.5;1;39
18;3.0;3.0;55.0;58.2;1;39
19;323.0;323.0;53.54;55.03;1;39
20;340.0;340.0;53.54;55.03;1;39
21;3.0;3.0;55.0;56.07;1;39
22;160.0;160.0;58.64;60.09;1;39
23;20.0;20.0;60.0;63.51;1;39
24;230.0;230.0;55.0;58.64;1;39
1;10.0;10.0;51.0;53.13;1;40
2;3.0;3.0;48.0;50.13;1;40
3;3.0;3.0;46.0;49.26;1;40
4;3.0;3.0;42.0;44.16;1;40
5;3.0;3.0;42.0;44.16;1;40
6;3.0;3.0;46.0;49.26;1;40
7;160.0;160.0;50.13;52.0;1;40
8;10.0;10.0;52.53;54.13;1;40
9;10.0;10.0;55.0;58.31;1;40
10;40.0;40.0;55.32;59.28;1;40
11;0.1;0.1;60.07;65.0;1;40
12;3.0;3.0;60.0;62.2;1;40
13;299.0;299.0;60.09;65.1;1;40
14;0.1;0.1;60.07;65.0;1;40
15;177.9;177.9;55.03;59.1;1;40
16;20.0;20.0;58.5;60.09;1;40
17;3.0;3.0;55.0;58.5;1;40
18;3.0;3.0;55.0;58.2;1;40
19;138.0;138.0;53.54;55.03;1;40
20;340.0;340.0;53.54;55.03;1;40
21;3.0;3.0;55.0;56.07;1;40
22;20.0;20.0;58.5;60.09;1;40
23;10.0;10.0;60.0;63.51;1;40
24;25.0;25.0;55.0;58.64;1;40
1;10.0;10.0;51.0;53.13;1;41
2;3.0;3.0;48.0;50.13;1;41
3;3.0;3.0;46.0;49.26;1;41
4;3.0;3.0;42.0;44.16;1;41
5;3.0;3.0;42.0;44.16;1;41
6;3.0;3.0;46.0;49.26;1;41
7;10.4;10.4;50.0;52.0;1;41
8;10.0;10.0;52.32;54.13;1;41
9;3.0;3.0;55.0;58.31;1;41
10;45.0;45.0;55.13;59.28;1;41
11;20.0;20.0;60.0;65.0;1;41
12;3.0;3.0;60.0;62.2;1;41
13;0.1;0.1;60.07;65.1;1;41
14;20.0;20.0;60.0;65.0;1;41
15;230.0;230.0;55.0;59.1;1;41
16;62.7;62.7;58.31;60.09;1;41
17;3.0;3.0;55.0;58.5;1;41
18;71.0;71.0;54.56;58.2;1;41
19;10.0;10.0;53.32;55.03;1;41
20;323.0;323.0;53.54;55.03;1;41
21;71.0;71.0;54.56;56.07;1;41
22;62.7;62.7;58.31;60.09;1;41
23;10.0;10.0;60.0;63.51;1;41
24;3.0;3.0;55.0;58.64;1;41
1;3.0;3.0;51.0;53.13;1;42
2;4.0;4.0;46.9;50.13;1;42
3;0.1;0.1;45.57;49.26;1;42
4;17.0;17.0;41.66;44.16;1;42
5;17.0;17.0;41.66;44.16;1;42
6;0.1;0.1;45.57;49.26;1;42
7;20.0;20.0;49.9;52.0;1;42
8;0.1;0.1;52.07;54.13;1;42
9;3.0;3.0;55.0;58.31;1;42
10;177.9;177.9;55.03;59.28;1;42
11;10.0;10.0;60.0;65.0;1;42
12;3.0;3.0;60.0;62.2;1;42
13;20.0;20.0;60.0;65.1;1;42
14;10.0;10.0;60.0;65.0;1;42
15;3.0;3.0;55.0;59.1;1;42
16;50.0;50.0;58.2;60.09;1;42
17;3.0;3.0;55.0;58.5;1;42
18;18.0;18.0;54.32;58.2;1;42
19;10.0;10.0;53.32;55.03;1;42
20;138.0;138.0;53.54;55.03;1;42
21;35.0;35.0;54.32;56.07;1;42
22;50.0;50.0;58.2;60.09;1;42
23;3.0;3.0;60.0;63.51;1;42
24;3.0;3.0;55.0;58.64;1;42
1;10.0;10.0;50.68;53.13;1;43
2;3.0;3.0;46.0;50.13;1;43
3;78.0;78.0;44.16;49.26;1;43
4;17.0;17.0;41.12;44.16;1;43
5;17.0;17.0;41.12;44.16;1;43
6;78.0;78.0;44.16;49.26;1;43
7;351.0;351.0;49.72;52.0;1;43
8;80.0;80.0;51.93;54.13;1;43
9;3.0;3.0;55.0;58.31;1;43
10;230.0;230.0;55.0;59.28;1;43
11;10.0;10.0;60.0;65.0;1;43
12;3.0;3.0;60.0;62.2;1;43
13;10.0;10.0;60.0;65.1;1;43
14;10.0;10.0;60.0;65.0;1;43
15;3.0;3.0;55.0;59.1;1;43
16;20.0;20.0;58.0;60.09;1;43
17;3.0;3.0;55.0;58.5;1;43
18;10.0;10.0;54.22;58.2;1;43
19;82.2;82.2;53.02;55.03;1;43
20;10.0;10.0;53.32;55.03;1;43
21;10.0;10.0;54.22;56.07;1;43
22;20.0;20.0;58.0;60.09;1;43
23;3.0;3.0;60.0;63.51;1;43
24;3.0;3.0;55.0;58.64;1;43
1;77.0;77.0;50.6;53.13;1;44
2;3.0;3.0;46.0;50.13;1;44
3;17.0;17.0;43.79;49.26;1;44
4;17.0;17.0;40.59;44.16;1;44
5;17.0;17.0;40.59;44.16;1;44
6;17.0;17.0;43.79;49.26;1;44
7;351.0;351.0;49.72;52.0;1;44
8;80.0;80.0;51.89;54.13;1;44
9;3.0;3.0;55.0;58.31;1;44
10;75.0;75.0;55.0;59.28;1;44
11;3.0;3.0;60.0;65.0;1;44
12;20.0;20.0;59.5;62.2;1;44
13;10.0;10.0;60.0;65.1;1;44
14;3.0;3.0;60.0;65.0;1;44
15;3.0;3.0;55.0;59.1;1;44
16;150.4;150.4;57.88;60.09;1;44
17;71.0;71.0;54.56;58.5;1;44
18;40.0;40.0;53.7;58.2;1;44
19;10.0;10.0;53.0;55.03;1;44
20;10.0;10.0;53.32;55.03;1;44
21;40.0;40.0;53.7;56.07;1;44
22;150.4;150.4;57.88;60.09;1;44
23;3.0;3.0;60.0;63.51;1;44
24;3.0;3.0;55.0;58.64;1;44
1;0.1;0.1;50.57;53.13;1;45
2;3.0;3.0;46.0;50.13;1;45
3;0.1;0.1;43.57;49.26;1;45
4;177.9;177.9;40.53;44.16;1;45
5;177.9;177.9;40.53;44.16;1;45
6;0.1;0.1;43.57;49.26;1;45
7;25.0;25.0;49.5;52.0;1;45
8;40.0;40.0;51.7;54.13;1;45
9;3.0;3.0;55.0;58.31;1;45
10;10.0;10.0;55.0;59.28;1;45
11;3.0;3.0;60.0;65.0;1;45
12;62.7;62.7;59.28;62.2;1;45
13;3.0;3.0;60.0;65.1;1;45
14;3.0;3.0;60.0;65.0;1;45
15;3.0;3.0;55.0;59.1;1;45
16;50.0;50.0;57.58;60.09;1;45
17;35.0;35.0;54.32;58.5;1;45
18;20.0;20.0;53.69;58.2;1;45
19;10.0;10.0;53.0;55.03;1;45
20;82.2;82.2;53.02;55.03;1;45
21;20.0;20.0;53.69;56.07;1;45
22;50.0;50.0;57.58;60.09;1;45
23;3.0;3.0;60.0;63.51;1;45
24;3.0;3.0;55.0;58.64;1;45
1;10.0;10.0;50.52;53.13;1;46
2;3.0;3.0;46.0;50.13;1;46
3;17.0;17.0;43.25;49.26;1;46
4;62.6;62.6;40.4;44.16;1;46
5;62.6;62.6;40.4;44.16;1;46
6;17.0;17.0;43.25;49.26;1;46
7;30.0;30.0;49.26;52.0;1;46
8;10.0;10.0;51.42;54.13;1;46
9;30.0;30.0;54.67;58.31;1;46
10;3.0;3.0;55.0;59.28;1;46
11;3.0;3.0;60.0;65.0;1;46
12;50.0;50.0;59.1;62.2;1;46
13;3.0;3.0;60.0;65.1;1;46
14;3.0;3.0;60.0;65.0;1;46
15;3.0;3.0;55.0;59.1;1;46
16;14.0;14.0;57.32;60.09;1;46
17;10.0;10.0;54.22;58.5;1;46
18;340.0;340.0;53.54;58.2;1;46
19;3.0;3.0;53.0;55.03;1;46
20;10.0;10.0;53.0;55.03;1;46
21;340.0;340.0;53.54;56.07;1;46
22;22.0;22.0;57.32;60.09;1;46
23;3.0;3.0;60.0;63.51;1;46
24;71.0;71.0;54.56;58.64;1;46
1;160.0;160.0;50.13;53.13;1;47
2;3.0;3.0;46.0;50.13;1;47
3;10.0;10.0;43.0;49.26;1;47
4;177.9;177.9;40.29;44.16;1;47
5;177.9;177.9;40.29;44.16;1;47
6;10.0;10.0;43.0;49.26;1;47
7;96.0;96.0;49.06;52.0;1;47
8;71.0;71.0;51.26;54.13;1;47
9;71.0;71.0;54.56;58.31;1;47
10;3.0;3.0;55.0;59.28;1;47
11;3.0;3.0;60.0;65.0;1;47
12;20.0;20.0;59.0;62.2;1;47
13;3.0;3.0;60.0;65.1;1;47
14;3.0;3.0;60.0;65.0;1;47
15;71.0;71.0;54.56;59.1;1;47
16;14.0;14.0;57.32;60.09;1;47
17;40.0;40.0;53.7;58.5;1;47
18;340.0;340.0;53.54;58.2;1;47
19;10.0;10.0;52.33;55.03;1;47
20;10.0;10.0;53.0;55.03;1;47
21;340.0;340.0;53.54;56.07;1;47
22;22.0;22.0;57.32;60.09;1;47
23;20.0;20.0;59.5;63.51;1;47
24;35.0;35.0;54.32;58.64;1;47
1;40.0;40.0;50.0;53.13;1;48
2;0.1;0.1;45.57;50.13;1;48
3;10.0;10.0;43.0;49.26;1;48
4;17.0;17.0;40.06;44.16;1;48
5;17.0;17.0;40.06;44.16;1;48
6;10.0;10.0;43.0;49.26;1;48
7;20.0;20.0;48.9;52.0;1;48
8;30.0;30.0;51.26;54.13;1;48
9;85.0;85.0;54.52;58.31;1;48
10;3.0;3.0;55.0;59.28;1;48
11;3.0;3.0;60.0;65.0;1;48
12;160.0;160.0;58.64;62.2;1;48
13;3.0;3.0;60.0;65.1;1;48
14;3.0;3.0;60.0;65.0;1;48
15;35.0;35.0;54.32;59.1;1;48
16;35.0;35.0;56.32;60.09;1;48
17;20.0;20.0;53.69;58.5;1;48
18;323.0;323.0;53.54;58.2;1;48
19;10.0;10.0;52.32;55.03;1;48
20;3.0;3.0;53.0;55.03;1;48
21;323.0;323.0;53.54;56.07;1;48
22;35.0;35.0;56.32;60.09;1;48
23;62.7;62.7;59.28;63.51;1;48
24;10.0;10.0;54.22;58.64;1;48
